FEC_ID,PRIMARY_PCT,GENERAL_PCT,ELEC_CYCLE
H0AL02087,1,0.67342455,2014
H0AL05163,0.803155915,0.744240969,2014
H0AL07086,0.839085607,0.983723206,2014
H0AR01083,1,0.632536075,2014
H0AR03055 ,1,0.794144604,2014
H0AS00018,,0.308120242,2014
H0AZ01259 ,1,0.699627238,2014
H0AZ01325 ,0.358450664,0.473886362,2014
H0AZ04501,,0.048251304,2014
H0CA03078,0.467209424,0.503962699,2014
H0CA08069,0.119164868,0.167462447,2014
H0CA10073,0.588006077,0.672739348,2014
H0CA10149,0.534783629,0.527246107,2014
H0CA11337,0.263362175,0.476296162,2014
H0CA15148,0.481824008,0.517536159,2014
H0CA17185,0.261811583,0.248220413,2014
H0CA19173,0.589449419,0.561489201,2014
H0CA27085,0.744847239,0.764950442,2014
H0CA27101,0.200687471,0.343600009,2014
H0CA32101,0.603675136,0.59357266,2014
H0CA33117,0.796026468,0.842813354,2014
H0CA34099,0.336407087,0.388241965,2014
H0CA48024,0.618749111,0.601690552,2014
H0CA49055,0.562555507,0.588365621,2014
H0CT03072,,0.669170569,2014
H0CT04146,,0.462384306,2014
H0CT05127,,0.009235775,2014
H0CT05150,,0.458352282,2014
H0DC00058 ,0.970500228,0.837282496,2014
H0DE01017,1,0.592577401,2014
H0DE01025,1,0.367615503,2014
H0FL02110 ,1,0.493482264,2014
H0FL02136,1,0.027023305,2014
H0FL04033,,5.7205E-05,2014
H0FL04066 ,0.709406577,0.782770745,2014
H0FL04116 ,,0.060241229,2014
H0FL05139 ,1,0.66658832,2014
H0FL08208 ,1,0.615408429,2014
H0FL12101,1,0.602812971,2014
H0FL17068 ,0.804282733,0.861751091,2014
H0FL18025,1,1,2014
H0FL19080,0.916138541,0.996265506,2014
H0GA07125,0.543204656,0.665222923,2014
H0GA07133,1,0.653870293,2014
H0GA08099,1,0.999085017,2014
H0GA09030,0.740673735,1,2014
H0HI01157,0.963992771,0.480716621,2014
H0ID01253 ,0.785647391,0.650083309,2014
H0IL05096,1,0.632347747,2014
H0IL09080,0.524004979,0.339114547,2014
H0IL10302 ,1,0.512975076,2014
H0IL11052 ,0.784368893,0.706212764,2014
H0IL14080 ,1,0.654137605,2014
H0IL17059 ,1,0.445347886,2014
H0IN02125 ,1,0.658969117,2014
H0IN02190 ,1,0.589414601,2014
H0IN03198 ,0.816685898,0.691490863,2014
H0IN04170,0.711925607,0.668745688,2014
H0IN08114,0.748501402,0.603239646,2014
H0IN09070 ,0.793744452,0.625628899,2014
H0KS03137,1,0.600208857,2014
H0KS04051,0.626450583,0.666610618,2014
H0KY05015,1,0.782538008,2014
H0KY06104,1,0.599949531,2014
H0LA01087,,0.775602039,2014
H0LA08017,,0.074627115,2014
H0MA10082,0.99198811,0.54947347,2014
H0MI01088,0.697383054,0.521382795,2014
H0MI01187,,0.010518488,2014
H0MI02086,,0.01302846,2014
H0MI02094,1,0.636254412,2014
H0MI03126,0.574383752,0.579071213,2014
H0MI08109,,0.012382658,2014
H0MN01045,0.539757812,0.456719381,2014
H0MN04049 ,1,0.611897185,2014
H0MO01066 ,1,0.729782133,2014
H0MO02213,1,0.326172458,2014
H0MO03179,1,0.044843962,2014
H0MO04086 ,0.747175416,0.680791441,2014
H0MO04151,,0.000344432,2014
H0MO06073 ,0.765949125,0.666502647,2014
H0MO07113 ,0.623630664,0.63464201,2014
H0MO08277,1,0.02360825,2014
H0MS01043,1,0.679116676,2014
H0MS04120,0.505340398,0.699182393,2014
H0NC02059,0.587322051,0.588265328,2014
H0ND01026,0.997000338,0.555354486,2014
H0NE03191 ,,0.002676244,2014
H0NH01217,0.489833518,0.517055567,2014
H0NH02181,0.986091149,0.548735431,2014
H0NJ02098,,0.002828144,2014
H0NJ05158,,0.012888985,2014
H0NJ06198,,0.003578987,2014
H0NJ11123,,0.0197617,2014
H0NJ12170,,0.00382163,2014
H0NV02167,,0.025630634,2014
H0NV03058,1,0.607525443,2014
H0NY02085,1,0.547723194,2014
H0NY13074,1,0.548475732,2014
H0NY18065,1,0.970705231,2014
H0NY19139,1,0.478304326,2014
H0NY20095,1,0.644522047,2014
H0NY29054,1,0.616576103,2014
H0OH06189,1,0.582348992,2014
H0OH08029 ,0.714959987,0.671900388,2014
H0OH08128,1,0.054462911,2014
H0OH08136,1,0.032925237,2014
H0OH12062,1,0.681076167,2014
H0OH15099,0.588218071,0.359309233,2014
H0OH16097,1,0.637376733,2014
H0OH18077 ,1,1,2014
H0OR04081,0.973095228,0.375699193,2014
H0PA03271,0.991734313,0.60631024,2014
H0PA04220,0.992457815,0.592776988,2014
H0PA06076,0.999383427,0.562909327,2014
H0PA06084,0.999123544,0.437090673,2014
H0PA07082,0.998808642,0.620389155,2014
H0PA10078,0.991740071,0.625830459,2014
H0PA13080,0.657628647,0.328802607,2014
H0RI01073,0.630057137,0.594863105,2014
H0RI02139,1,0.622210189,2014
H0SC03077,1,0.711796304,2014
H0SC04257,1,0.848392139,2014
H0SC05031,1,0.588529504,2014
H0SD00054 ,1,0.66529627,2014
H0TN03254,0.508031427,0.623612241,2014
H0TN04195,0.448918765,0.583249666,2014
H0TN05150,0.378193023,0.357009515,2014
H0TN06257,0.766695645,0.710876821,2014
H0TN08246,0.79035032,0.70833454,2014
H0TN08329,,0.025788696,2014
H0TN09061,1,0.233144573,2014
H0TX06065,1,0.364426872,2014
H0TX07055,1,0.632639524,2014
H0TX12147,1,0.263069363,2014
H0TX17104,1,0.645820946,2014
H0TX23086,0.594640782,0.497786518,2014
H0TX25107,,0.028755521,2014
H0TX26105,,0.173365378,2014
H0TX27061,1,0.635970301,2014
H0VA01185,,0.024315312,2014
H0VA02084,1,0.586836935,2014
H0VA05095,1,0.608626705,2014
H0VA09055 ,1,0.72146301,2014
H0VA09113,,0.242066149,2014
H0VA10145,,0.01522139,2014
H0VI00037,1,0.083888604,2014
H0WA02080,0.555929307,0.605743439,2014
H0WA03161,0.515796505,0.547015846,2014
H0WA03187,0.488256257,0.615322414,2014
H0WA08046,0.506728357,0.550365947,2014
H0WI04090,0.796705882,0.268702039,2014
H0WI07051,0.876295337,0.592774674,2014
H0WI08075,0.997456232,0.65007516,2014
H0WV01072,1,0.63902803,2014
H2AK00143,1,0.076106112,2014
H2AL03032,0.758945925,0.661205465,2014
H2AS00030,,0.019617412,2014
H2AS00055,,0.01561585,2014
H2AZ04143,1,0.257901917,2014
H2AZ05132,1,0.35138355,2014
H2AZ07070 ,1,0.557245183,2014
H2AZ07146,1,0.442266442,2014
H2AZ08094,1,0.499382308,2014
H2AZ08102 ,0.693581339,0.500143596,2014
H2AZ08151,1,0.241883423,2014
H2AZ09019 ,1,0.546759882,2014
H2AZ09035 ,0.606140142,0.418611396,2014
H2CA00104,0.570822797,0.559894652,2014
H2CA00120,0.455012823,0.513316336,2014
H2CA02142,0.534466364,0.610300778,2014
H2CA06259,0.679146838,0.749912653,2014
H2CA06291,0.263968039,0.27310874,2014
H2CA08164,0.580998853,0.676468534,2014
H2CA15094,0.490705073,0.698053266,2014
H2CA16100,0.217113577,0.492688007,2014
H2CA19112,0.239732308,0.327886813,2014
H2CA20094,0.629785278,0.578341333,2014
H2CA23114,0.158025859,0.480728795,2014
H2CA26109,0.295822228,0.466591276,2014
H2CA27198,0.396324864,0.40642734,2014
H2CA28113,0.628464973,0.746131276,2014
H2CA30143,0.738309614,0.72535337,2014
H2CA31125,0.173561945,0.517337449,2014
H2CA33048,0.663592913,0.611758035,2014
H2CA36439,0.50333386,0.541840926,2014
H2CA37023,0.674932518,0.657377194,2014
H2CA38237,0.424748384,0.409098294,2014
H2CA39078,0.575251616,0.590901706,2014
H2CA43245,0.446525158,0.566430192,2014
H2CA50026,0.683448157,0.687895058,2014
H2CA50166,0.243368678,0.287999288,2014
H2CA52089,0.422922483,0.515868707,2014
H2CO01124,,0.018801123,2014
H2CO01140,,0.033365171,2014
H2CO02122,,0.031193026,2014
H2CO03146,,0.040172013,2014
H2CT01189,,0.360788687,2014
H2CT02112,,0.622753755,2014
H2CT05131,,0.532411944,2014
H2DE00148,,0.01907891,2014
H2DE00155,,0.020728185,2014
H2FL00292 ,1,0.625445325,2014
H2FL00300 ,1,0.367646007,2014
H2FL01100 ,0.753381334,0.70146977,2014
H2FL03056,1,0.654749762,2014
H2FL06109 ,0.793774484,0.64984769,2014
H2FL08055 ,0.721458928,0.635989858,2014
H2FL14053,1,0.580316156,2014
H2FL20043 ,0.625956474,0.373322087,2014
H2FL21066,,0.003734494,2014
H2FL22072,1,0.597843504,2014
H2FL23021,0.791960126,0.816036478,2014
H2FL25018,1,1,2014
H2GA02031,1,0.591546961,2014
H2GA06107,1,0.339594497,2014
H2GA09150,0.80221951,0.806746314,2014
H2GA12121,0.539901457,0.547531982,2014
H2GA13012,0.822413745,1,2014
H2GU00033,0.743008314,0.578630949,2014
H2HI02508,1,0.787487592,2014
H2HI02524,0.567665418,0.18648833,2014
H2IA01055,0.548941842,0.510746407,2014
H2IA05072 ,0.991214351,0.616159894,2014
H2ID01143,0.047147789,3.16937E-05,2014
H2ID02018,1,0.386391529,2014
H2IL01042,1,0.730880969,2014
H2IL01182,1,0.269119031,2014
H2IL02156,,0.000636425,2014
H2IL04145,1,0.218531743,2014
H2IL05183,1,0.061433874,2014
H2IL08039 ,0.743357052,0.781468257,2014
H2IL10068 ,1,0.487024924,2014
H2IL12122 ,1,0.418903584,2014
H2IL12130,1,0.056451382,2014
H2IL13120 ,0.546333032,0.586559314,2014
H2IL14078,0.658285714,0.345862395,2014
H2IL17071,1,0.554571857,2014
H2IL20042 ,1,0.749231726,2014
H2IN03152 ,0.348764316,0.2672908,2014
H2IN05082 ,0.727370981,0.65211224,2014
H2IN06239,0.482795299,0.293472022,2014
H2IN07088,,0.03844964,2014
H2KY04121,1,0.677283735,2014
H2LA02107,,0.170623279,2014
H2LA03063,,0.093364315,2014
H2LA04129,,0.265661147,2014
H2MA00014,0.992215569,0.411393033,2014
H2MA04073,0.992060138,0.979053472,2014
H2MA09072,0.990324957,0.986688042,2014
H2MD02160,0.775663371,0.613239353,2014
H2MD04299,,0.029510321,2014
H2MD05155,1,0.640262785,2014
H2MD05510 ,,0.0197443,2014
H2MD06138,1,0.390316175,2014
H2MD06195,1,0.497039929,2014
H2MD08126,0.912812783,0.60739148,2014
H2ME02154,,0.110552906,2014
H2MI05101,,0.019589666,2014
H2MI05119 ,1,0.66707182,2014
H2MI07073,,0.020256164,2014
H2MI10101,1,0.293595753,2014
H2MI11133,,0.005616189,2014
H2MI13170,,0.021186365,2014
H2MI14111,0.356196004,0.777867726,2014
H2MI17023 ,1,0.603932547,2014
H2MN02122 ,0.825001669,0.388715792,2014
H2MN03062,1,0.377788082,2014
H2MN07014,1,0.542055764,2014
H2MN08111 ,1,0.485149371,2014
H2MO02102,1,0.64119472,2014
H2MO02151,1,0.032632822,2014
H2MO04116,0.529906542,0.055551774,2014
H2MO06202 ,0.516573482,0.295004546,2014
H2MO06228,1,0.038492806,2014
H2MO07093 ,0.537636409,0.28838049,2014
H2MS01114,1,0.025345607,2014
H2MS04209,,0.023679745,2014
H2MS04225,0.556577334,0.24341158,2014
H2NC01081,0.508933795,0.678098416,2014
H2NC07096,0.530196548,0.593503867,2014
H2NC08185,1,0.648632498,2014
H2NC08219,1,0.351367502,2014
H2NC09134,0.675929532,0.939033098,2014
H2NC11080,1,0.628986541,2014
H2NC13110,1,0.573077195,2014
H2NE03023,1,0.24612357,2014
H2NJ02037,0.824764872,0.614599092,2014
H2NJ05014,0.667247609,0.625700272,2014
H2NJ08224,,0.012852436,2014
H2NJ10154 ,0.91251211,0.853830169,2014
H2NM02126,1,0.644274819,2014
H2NM03157,1,0.384487929,2014
H2NV02205,,0.063326352,2014
H2NV02395 ,1,0.657333119,2014
H2NV04011 ,0.842997046,0.457589405,2014
H2NY00010,1,0.886870808,2014
H2NY01067,1,0.455395829,2014
H2NY03089,1,0.683104859,2014
H2NY06116,1,0.989367975,2014
H2NY08120,1,0.079441422,2014
H2NY09110,1,0.105078374,2014
H2NY10092,1,0.91971333,2014
H2NY13062,1,0.025027244,2014
H2NY14037,1,0.798763985,2014
H2NY17071,1,0.874353412,2014
H2NY22139,1,0.496914976,2014
H2OH02085,1,0.659625779,2014
H2OH02093,0.558977471,0.367833096,2014
H2OH03067,0.798498675,0.651785091,2014
H2OH03125 ,1,0.640572103,2014
H2OH05039 ,1,0.046188828,2014
H2OH07142,,0.000118665,2014
H2OH09031,1,0.677410323,2014
H2OH14064 ,0.549917154,0.632565943,2014
H2OH15095 ,1,0.339762924,2014
H2OH17109,0.850450551,0.684880005,2014
H2OK01143,1,1,2014
H2OK02083,0.797284161,0.700253145,2014
H2OK02166,0.625689564,0.245973978,2014
H2OK04055,0.844495973,0.708019583,2014
H2OR01133 ,0.988331003,0.573093217,2014
H2OR01216,,0.039974503,2014
H2OR01224,,0.040153553,2014
H2OR05175,,0.02208561,2014
H2PA02055,0.999136652,0.877034735,2014
H2PA04135,0.994575559,0.745363332,2014
H2PA09035,0.525857622,0.635217549,2014
H2PA09043,0.974732199,0.364782451,2014
H2PA11098,0.996118844,0.663071492,2014
H2PA17079,0.985907391,0.567582141,2014
H2PA18143,0.994361475,1,2014
H2SC02042,0.859843786,0.72505074,2014
H2SC02059,0.816137047,0.624455875,2014
H2SC07066,1,0.599525431,2014
H2TN01098,,0.029741163,2014
H2TN02112,,0.024185762,2014
H2TN03144,1,0.345829837,2014
H2TN05131,1,0.623220721,2014
H2TN06030,0.841914337,0.6999943,2014
H2TN07194,,0.032253162,2014
H2TN08077,,0.020000579,2014
H2TN08119,0.347299195,0.245853008,2014
H2TX00015,0.699281761,0.879462724,2014
H2TX01062,1,0.225336564,2014
H2TX02102,,0.008745151,2014
H2TX03118,0.805570628,0.820104137,2014
H2TX03126,0.636176051,0.618177276,2014
H2TX05121,1,0.853599586,2014
H2TX06160,,0.024073485,2014
H2TX07036,0.621945667,0.345470922,2014
H2TX10113,1,0.341397484,2014
H2TX11095,,0.039894286,2014
H2TX14149,1,0.618512265,2014
H2TX15088,,0.027277566,2014
H2TX16185,1,0.674892278,2014
H2TX16201,1,0.291690035,2014
H2TX18140,1,0.247608716,2014
H2TX20062,,0.147257085,2014
H2TX22126,,0.007029235,2014
H2TX23082,1,0.821004518,2014
H2TX23124,1,0.476803923,2014
H2TX24114,1,0.323086213,2014
H2TX26093,0.82624269,0.826634622,2014
H2TX27190,1,0.594701854,2014
H2TX29030,1,0.895498776,2014
H2TX29105,,0.104501224,2014
H2TX30103,,0.027393399,2014
H2TX31044,1,0.640482982,2014
H2TX33040,1,0.602193577,2014
H2TX33073,0.734770591,0.865136781,2014
H2TX35011,1,0.756604975,2014
H2TX35029,1,0.332969602,2014
H2TX36134,1,0.220730413,2014
H2UT01094,,0.647761355,2014
H2UT01235,,0.280095975,2014
H2UT02324,,0.608223657,2014
H2UT03140,,0.022765206,2014
H2UT04023,,0.50918678,2014
H2UT04056,,0.009179985,2014
H2VA04052 ,1,0.601501211,2014
H2VA05059,,0.010778502,2014
H2VA06115,1,0.745086474,2014
H2VA11164,,0.009259604,2014
H2VI00082,0.498769988,0.906543653,2014
H2VT00110,0.336747362,0.310343387,2014
H2WA06129,0.587023921,0.629831914,2014
H2WI01084,0.776199418,0.366283791,2014
H2WI01092,,0.000100635,2014
H2WI02124,0.995903893,0.683965492,2014
H2WV01037,1,0.360025425,2014
H2WY00125,,0.043076923,2014
H2WY00133,,0.040878256,2014
H4AK00123,0.809221384,0.409671804,2014
H4AL01123,1,0.681569163,2014
H4AL01156,1,0.317130207,2014
H4AL02071,1,0.325640659,2014
H4AL03061,1,0.337223854,2014
H4AL05082,,0.25168738,2014
H4AL05130,,0.11106612,2014
H4AL06098,0.634868685,0.7618143,2014
H4AL06148,,0.236992082,2014
H4AR01051 ,1,0.323837233,2014
H4AR01069,1,0.043626692,2014
H4AR02133 ,1,0.436004719,2014
H4AR02141 ,0.550837783,0.518573295,2014
H4AR02174 ,1,0.044621413,2014
H4AR02182 ,,0.000800573,2014
H4AR03057,1,0.205855396,2014
H4AR04030 ,,9.70257E-06,2014
H4AR04048 ,0.544505207,0.537468891,2014
H4AR04063 ,1,0.425661351,2014
H4AR04071,1,0.036860055,2014
H4AS00036,,0.420261565,2014
H4AS00069,,0.063634589,2014
H4AS00077,,0.013956666,2014
H4AS00085,,0.110286941,2014
H4AS00093,,0.022350185,2014
H4AZ01038 ,1,0.695781303,2014
H4AZ02119,1,0.034628722,2014
H4AZ02150,,0.000255282,2014
H4AZ02168,,0.000218813,2014
H4AZ03075,,0.000411767,2014
H4AZ03083 ,,7.66078E-05,2014
H4AZ04024,0.732574932,0.758116577,2014
H4AZ04099,1,0.042470844,2014
H4AZ05088,1,0.304218697,2014
H4AZ06045,1,0.64861645,2014
H4AZ07043 ,0.489031498,0.748543904,2014
H4AZ07100,,5.52074E-05,2014
H4AZ07118,,0.000234632,2014
H4AZ07126,,0.00178044,2014
H4CA01066,0.301454726,0.389699222,2014
H4CA02098,0.223314732,0.250087347,2014
H4CA03096,0.465216371,0.472753893,2014
H4CA04102,0.227915979,0.399509316,2014
H4CA05257,0.111461734,0.242684694,2014
H4CA10075,0.263884447,0.438510799,2014
H4CA11081,0.493804077,0.523703838,2014
H4CA11107,0.278608634,0.327260652,2014
H4CA12055,0.280473791,0.482463841,2014
H4CA13087,0.101646301,0.115212334,2014
H4CA15066,0.257134594,0.301946734,2014
H4CA16049,0.760267692,0.672113187,2014
H4CA17021,0.738188417,0.751779587,2014
H4CA18060,0.225794488,0.233040108,2014
H4CA18094,0.225474052,0.322456794,2014
H4CA20082,0.442917236,0.507311993,2014
H4CA21072,0.255696369,0.421658667,2014
H4CA22104,0.249135802,0.279649323,2014
H4CA23011,0.672257859,0.709568033,2014
H4CA23151,0.005316709,0.251605828,2014
H4CA25123,0.283998636,0.533408724,2014
H4CA26147,0.445257697,0.486683664,2014
H4CA28077,0.179363049,0.235049558,2014
H4CA29133,0.257765072,0.253868724,2014
H4CA31071,0.265976826,0.482662551,2014
H4CA32103,0.400481775,0.403442883,2014
H4CA33119,0.188060306,0.591872415,2014
H4CA33135,0.216077904,0.408127585,2014
H4CA34075,0.144383128,0.27464663,2014
H4CA35031,0.656764352,0.634519316,2014
H4CA35049,0.14893617,0.365480684,2014
H4CA36120,0.348105955,0.458159074,2014
H4CA37078,0.1425325,0.157186646,2014
H4CA39041,0.29446018,0.314550572,2014
H4CA41120,0.369619563,0.433569808,2014
H4CA42086,0.158142883,0.342622806,2014
H4CA43084,0.327503088,0.290431967,2014
H4CA44165,0.000194962,0.13348436,2014
H4CA45097,0.45059293,0.651207474,2014
H4CA46129,0.181412378,0.403012663,2014
H4CA47069,0.4291383,0.440105348,2014
H4CA48042,0.195126647,0.358780285,2014
H4CA49099,0.283851346,0.398309448,2014
H4CA49107,0.281070572,0.348792526,2014
H4CA51079,0.313040325,0.312104942,2014
H4CA52051,0.352558271,0.484131293,2014
H4CA53059,0.206670939,0.411634379,2014
H4CO00023,1,0.356988131,2014
H4CO01112,0.999953532,0.289708216,2014
H4CO01138,,3.59074E-06,2014
H4CO01146,,7.18148E-06,2014
H4CO02094,1,0.432568761,2014
H4CO03274,,0.023020477,2014
H4CO04074,0.998613236,0.292233698,2014
H4CO04082,,0.027978374,2014
H4CO04090,0.44193775,0.646727654,2014
H4CO04140,,0.033060274,2014
H4CO05055,1,0.402020125,2014
H4CO06087,1,0.429919693,2014
H4CO07036,1,0.449270462,2014
H4CT01060,,0.015820563,2014
H4CT02068,,0.354647796,2014
H4CT02084,,0.011182964,2014
H4CT03082,,0.330829431,2014
H4DC00076,,0.052945728,2014
H4DC00092,0.89833201,0.067908524,2014
H4FL01155 ,,0.064930761,2014
H4FL02062,1,0.504828249,2014
H4FL02070 ,,0.001689487,2014
H4FL03102 ,,0.0271318,2014
H4FL03110 ,1,0.323020511,2014
H4FL04043 ,,0.156930822,2014
H4FL05065,0.629657271,0.345250238,2014
H4FL06022,1,0.374554675,2014
H4FL07087 ,1,0.321402159,2014
H4FL08085 ,1,0.341419168,2014
H4FL08093,,0.000222212,2014
H4FL09083 ,0.546082513,0.431124122,2014
H4FL09091,0.497286466,0.384505577,2014
H4FL09133,,0.029100864,2014
H4FL09141 ,,2.87558E-05,2014
H4FL10115,,8.59941E-05,2014
H4FL11071,1,0.33341168,2014
H4FL13077,1,0.247423695,2014
H4FL13101,1,0.752191648,2014
H4FL13150 ,,0.000384657,2014
H4FL15155 ,1,0.397187029,2014
H4FL16146 ,1,0.383813207,2014
H4FL16153,,0.000800498,2014
H4FL18068 ,0.38364444,0.402156496,2014
H4FL19058,1,0.327406921,2014
H4FL19074 ,1,0.645521164,2014
H4FL19082,,4.86104E-05,2014
H4FL20023,1,0.626677913,2014
H4FL20064,1,0.183963522,2014
H4FL22102 ,,3.2393E-05,2014
H4FL22110 ,0.42611762,0.419651451,2014
H4FL24025,,0.036600008,2014
H4FL26038 ,0.470103442,0.514643262,2014
H4GA01039,0.538103193,0.609135402,2014
H4GA01120,0.630892581,0.390864598,2014
H4GA02060,0.694266442,0.408453039,2014
H4GA04058,,0.000675676,2014
H4GA04124,1,0.346129707,2014
H4GA06087,1,0.660405503,2014
H4GA08067,0.694868914,1,2014
H4GA09057,1,0.193253686,2014
H4GA10089,1,0.334777077,2014
H4GA11061,0.660650989,1,2014
H4GA12010,1,0.452468018,2014
H4GU00021,0.982540375,0.418209272,2014
H4HI01134,0.44474805,0.519283379,2014
H4HI02116,1,0.026024078,2014
H4IA01069 ,0.367105026,0.487874431,2014
H4IA03065 ,0.991942415,0.42227351,2014
H4IA03115 ,0.155223881,0.527585742,2014
H4IA03131,,0.03209887,2014
H4IA03149,,0.015457375,2014
H4IA04113 ,0.995775498,0.382769843,2014
H4ID01081 ,0.82036634,0.349884997,2014
H4IL00032 ,1,0.293787236,2014
H4IL02301,1,0.214421392,2014
H4IL02343 ,1,0.784942183,2014
H4IL03077,1,0.645622184,2014
H4IL03093,0.62665984,0.354377816,2014
H4IL06104 ,1,0.328646462,2014
H4IL07037,1,0.85095294,2014
H4IL07151,1,0.14904706,2014
H4IL08126,0.715027259,0.442736469,2014
H4IL11195 ,0.368889999,0.465377749,2014
H4IL12060,1,0.524645033,2014
H4IL13175,0.546521533,0.413440686,2014
H4IL15071 ,1,0.250768274,2014
H4IL17077,,8.02564E-05,2014
H4IL18117,0.542994781,0.252804572,2014
H4IN01012 ,1,0.608455792,2014
H4IN01152,,0.033128826,2014
H4IN02135 ,0.580883122,0.38285124,2014
H4IN02168,,0.02773416,2014
H4IN04172,0.421776375,0.331254312,2014
H4IN05120 ,0.418980692,0.308201189,2014
H4IN05153,,0.039686571,2014
H4IN06110,,0.04755886,2014
H4IN07183,,0.035016613,2014
H4IN08207 ,1,0.358310714,2014
H4IN09072,0.453926107,0.338795593,2014
H4IN09130,,0.035575508,2014
H4KS01075,0.656614942,0.320320727,2014
H4KS02115,1,0.386169279,2014
H4KS02123,,0.043383285,2014
H4KS03188,0.685028726,0.399791143,2014
H4KS04111,1,0.333389382,2014
H4KY01016,0.554875115,0.268770761,2014
H4KY01040,1,0.731229239,2014
H4KY02089,1,0.308146045,2014
H4KY03210,1,0.35568717,2014
H4KY03244,1,0.009371147,2014
H4KY06130,0.608725672,0.400050469,2014
H4LA01139,,0.035683841,2014
H4LA01147 ,,0.087236275,2014
H4LA02087,,0.068768335,2014
H4LA02103 ,,0.073687774,2014
H4LA03119,,0.119956998,2014
H4LA05080 ,,0.357815496,2014
H4LA05098,,0.006908758,2014
H4LA05171,,0.01561829,2014
H4LA05213,,0.019177545,2014
H4LA05221,,0.642184504,2014
H4LA05239,,0.041285572,2014
H4LA05247,,0.223868821,2014
H4LA05262,,0.009188023,2014
H4LA06047,,0.013776748,2014
H4LA06062,,0.028276959,2014
H4LA06088,,0.135500369,2014
H4LA06112,,0.102615686,2014
H4LA06120,,0.005598134,2014
H4LA06138,,0.007149517,2014
H4LA06146,,0.022496992,2014
H4LA06153,,0.6242836,2014
H4LA06161,,0.3757164,2014
H4LA06179,,0.074091125,2014
H4LA07029,,0.786678687,2014
H4MA03022,0.992825112,0.982025529,2014
H4MA03097,0.993367665,0.369492998,2014
H4MA05084,0.811887674,0.982942891,2014
H4MA05167,,5.39782E-06,2014
H4MA06090,0.507725197,0.549697119,2014
H4MA06124 ,,0.038105349,2014
H4MA09078,0.323482671,0.449912147,2014
H4MD01101,0.57122801,0.294878962,2014
H4MD02166,,0.027124479,2014
H4MD02174,1,0.358592135,2014
H4MD03123 ,0.436007805,0.40301279,2014
H4MD04121,0.376121076,0.282620141,2014
H4MD05169,0.415980778,0.357246505,2014
H4MD05177,,0.001004247,2014
H4MD06191,0.83532861,0.482481001,2014
H4MD07074,0.547788997,0.270104299,2014
H4MD08205,,0.000453138,2014
H4ME00014,,0.088734793,2014
H4ME01137,1,0.306738794,2014
H4ME02200 ,0.710370423,0.418263667,2014
H4ME02234,0.568384068,0.470308487,2014
H4MI01114,1,0.452814725,2014
H4MI01148,,0.015283991,2014
H4MI02104 ,1,0.332521401,2014
H4MI02112 ,,0.018195727,2014
H4MI03227 ,1,0.390118113,2014
H4MI03235 ,,0.030810674,2014
H4MI04126,0.523967647,0.564945334,2014
H4MI04134,1,0.390920733,2014
H4MI04142,,0.022741463,2014
H4MI05123 ,0.51321169,0.311617103,2014
H4MI05149,0.428146649,0.420643702,2014
H4MI05156,,0.021311077,2014
H4MI06105,1,0.403831062,2014
H4MI06121,,0.026462369,2014
H4MI06139,,0.010785928,2014
H4MI07103,0.792955398,0.534519525,2014
H4MI07178,1,0.411663724,2014
H4MI07186 ,,0.019531931,2014
H4MI07202,,0.014028656,2014
H4MI08093,,0.02139247,2014
H4MI08101,,0.006910026,2014
H4MI08135 ,0.602619939,0.54597018,2014
H4MI08168,,0.018743445,2014
H4MI08176 ,,0.007732648,2014
H4MI09075,1,0.360874746,2014
H4MI09083,,0.021226363,2014
H4MI09091,,0.013966344,2014
H4MI11097,0.66403212,0.558971971,2014
H4MI11105 ,0.342908896,0.404719827,2014
H4MI12061 ,1,0.313152037,2014
H4MI12079 ,0.776566476,0.650082261,2014
H4MI13200,1,0.163129616,2014
H4MI13218 ,,0.02076108,2014
H4MI13226,,0.196740215,2014
H4MI14190,,0.009408476,2014
H4MI14208,,0.000141198,2014
H4MN02136,1,0.050108197,2014
H4MN04116 ,1,0.328972798,2014
H4MN04124,1,0.058182315,2014
H4MN05071,1,0.239722893,2014
H4MN05089,1,0.05084954,2014
H4MN06087 ,0.732966045,0.562931187,2014
H4MN06129 ,1,0.383903465,2014
H4MN06137,1,0.052595357,2014
H4MN07077 ,1,0.456557394,2014
H4MN08083 ,1,0.471123672,2014
H4MN08091,,0.043031686,2014
H4MO01118,0.39258982,0.21574492,2014
H4MO03171,0.571474531,0.271480013,2014
H4MO04120,1,0.263571696,2014
H4MO05234 ,0.820402645,0.515872034,2014
H4MO05341 ,1,0.034549419,2014
H4MO07107,1,0.076751831,2014
H4MO08162 ,1,0.666507562,2014
H4MO08188,1,0.023859468,2014
H4MO08212,1,0.243185701,2014
H4MO08220,,0.042839019,2014
H4MP00016,,0.347205254,2014
H4MS00013,0.524661766,0.279292876,2014
H4MS01102,1,0.009014543,2014
H4MS01110,0.659825239,0.289277419,2014
H4MS01128,1,0.006260299,2014
H4MS02068,0.957219743,0.677367706,2014
H4MS02183,,0.245314371,2014
H4MS02191,1,0.077317923,2014
H4MS03058,,0.022755724,2014
H4MS04106,,0.005508562,2014
H4MS04148,1,0.022323495,2014
H4MS04155,1,0.005894225,2014
H4MT00068,0.598415018,0.404089542,2014
H4MT01041,0.332510276,0.554052989,2014
H4NC01046,0.811358242,0.733790408,2014
H4NC01095,0.513347596,0.266209592,2014
H4NC02127,0.408578826,0.411734672,2014
H4NC04115,1,0.252531206,2014
H4NC05146,0.75398117,0.610198377,2014
H4NC05245,0.655690766,0.389801623,2014
H4NC06052,0.59851043,0.586736767,2014
H4NC06086,0.56162366,0.413263233,2014
H4NC07068,0.582544355,0.371092784,2014
H4NC07100,1,0.034657225,2014
H4NC07118,,2.64896E-05,2014
H4NC09130,,0.01364097,2014
H4NC10047,0.780399756,0.610175689,2014
H4NC10104,1,0.389824311,2014
H4NC11086,0.540960407,0.371013459,2014
H4NC12100,0.442156573,0.754333928,2014
H4NC12134,1,0.246536626,2014
H4NC13033,0.703923866,0.426922805,2014
H4ND00046,0.998275519,0.384758917,2014
H4ND01028,0.995498392,0.058434874,2014
H4NE01064,0.865978652,0.688155168,2014
H4NE01163,1,0.311844832,2014
H4NE02054,0.814900418,0.4890239,2014
H4NH02241,0.491940718,0.448690928,2014
H4NJ01084 ,0.72061687,0.575327856,2014
H4NJ01092,1,0.395144939,2014
H4NJ01142,,0.014713998,2014
H4NJ01142 ,,0.010979002,2014
H4NJ01159,,0.003901731,2014
H4NJ01167,,0.002763213,2014
H4NJ01167 ,,0.004600837,2014
H4NJ02140 ,0.817688629,0.372716599,2014
H4NJ02165,,0.002658794,2014
H4NJ02173,,0.003742633,2014
H4NJ03106,0.837828726,0.443501717,2014
H4NJ03130 ,0.599148808,0.539867708,2014
H4NJ03163,,0.016630576,2014
H4NJ04120,1,0.311211388,2014
H4NJ04138 ,,0.009196507,2014
H4NJ05135,0.902367424,0.433027562,2014
H4NJ06109 ,1,0.389275841,2014
H4NJ06117,,0.011423163,2014
H4NJ07099 ,1,0.387688427,2014
H4NJ08071,1,0.190409719,2014
H4NJ08097,,0.008211977,2014
H4NJ09111,1,0.300899061,2014
H4NJ09129,,0.014237209,2014
H4NJ10101 ,1,0.126236365,2014
H4NJ10119,,0.008900939,2014
H4NJ10127 ,,0.011032527,2014
H4NJ11091,0.759536561,0.374299728,2014
H4NJ12123 ,1,0.365097125,2014
H4NJ12149,0.430427586,0.609506221,2014
H4NJ12164 ,,0.00303304,2014
H4NJ12172,,0.008964318,2014
H4NM01116,0.653434214,0.414137487,2014
H4NM02072,1,0.355258261,2014
H4NM02080,,0.00046692,2014
H4NM03088,,0.000282492,2014
H4NV01153,0.546639109,0.378746933,2014
H4NV01179 ,,0.032590692,2014
H4NV01187,,0.020249318,2014
H4NV02151,0.383475863,0.27934053,2014
H4NV03084 ,0.840216354,0.361270665,2014
H4NV03118,,0.010746711,2014
H4NV03126 ,,0.01123395,2014
H4NV03134 ,,0.009223231,2014
H4NV04017 ,0.426304785,0.48528456,2014
H4NV04058 ,,0.031495401,2014
H4NY02061,1,0.016371205,2014
H4NY03077,1,0.451826616,2014
H4NY04075,1,0.527886701,2014
H4NY04091,1,0.47106097,2014
H4NY05106,,0.048483482,2014
H4NY07110,1,0.089528615,2014
H4NY10106,1,0.11819672,2014
H4NY10114,1,0.005437717,2014
H4NY11138,1,0.892944722,2014
H4NY12052,1,0.200398487,2014
H4NY13076,1,0.125151558,2014
H4NY14090,1,0.117736522,2014
H4NY15121,1,0.018510334,2014
H4NY15139,1,0.0100419,2014
H4NY17135,1,0.435387868,2014
H4NY18109,,0.023976638,2014
H4NY19115,1,0.354944092,2014
H4NY20121,1,0.387140347,2014
H4NY21079,1,0.550908008,2014
H4NY21103,1,0.338144365,2014
H4NY21111,1,0.110140381,2014
H4NY23067,1,0.38282983,2014
H4NY24073,1,0.594683318,2014
H4NY26052,1,0.318491007,2014
H4NY27076,1,0.681478895,2014
H4NY27118,1,0.289282821,2014
H4NY29098,1,0.501645325,2014
H4OH02156 ,0.297092054,0.340374221,2014
H4OH04046,1,0.323342577,2014
H4OH05043,1,0.289209095,2014
H4OH06074 ,0.72947049,0.38583912,2014
H4OH06090 ,1,0.031811888,2014
H4OH08070 ,0.546351931,0.273636702,2014
H4OH09086,,0.000696886,2014
H4OH09102 ,0.722293378,0.321712348,2014
H4OH09128,,0.000180444,2014
H4OH10167 ,0.557514451,0.315289672,2014
H4OH11066,1,0.205492391,2014
H4OH12064 ,1,0.041378499,2014
H4OH12072 ,1,0.277545334,2014
H4OH13104,,0.000489892,2014
H4OH14102,1,0.330207848,2014
H4OH16115 ,0.580523602,0.362623267,2014
H4OK02162,,0.053772876,2014
H4OK04150,,0.045402603,2014
H4OK05066,0.815648842,0.246577814,2014
H4OK05124,0.542269651,0.363155348,2014
H4OK05132,0.592603921,0.600956433,2014
H4OK05173,,0.012976567,2014
H4OK05181,,0.009237556,2014
H4OK06056,0.828241796,0.786150172,2014
H4OR01113,0.422899116,0.344651624,2014
H4OR02178 ,0.617695442,0.256710446,2014
H4OR02202,,0.036499957,2014
H4OR03101,0.978081836,0.196149025,2014
H4OR03127,,0.021796234,2014
H4OR03135,,0.013693951,2014
H4OR04109,,0.015075166,2014
H4OR05239 ,0.628285973,0.392517646,2014
H4OR05247,,0.027301059,2014
H4OR05262,,0.018492429,2014
H4PA00048,0.975915222,0.254636668,2014
H4PA01103,0.997291132,0.171628556,2014
H4PA02051,0.99807877,0.122965265,2014
H4PA03109,0.988363708,0.39368976,2014
H4PA05062,0.532746995,0.364038992,2014
H4PA07092,0.999016049,0.379610845,2014
H4PA08074,1,0.619021295,2014
H4PA08108,0.511327399,0.380978705,2014
H4PA10054,0.98888264,0.248095074,2014
H4PA10062,,0.126074467,2014
H4PA11052,0.982122598,0.336928508,2014
H4PA12043,0.676716884,0.407223012,2014
H4PA13199,0.406021075,0.671197393,2014
H4PA15087,0.999372375,1,2014
H4PA16085,0.626376976,0.422804778,2014
H4PA17125,0.442626883,0.432417859,2014
H4PA18131,0.840626059,1,2014
H4RI01125,0.72436751,0.402294452,2014
H4RI02107,1,0.375765138,2014
H4SC01073,1,0.934100067,2014
H4SC02063,,0.021344093,2014
H4SC03129,0.666088117,0.287673237,2014
H4SC04085,,0.147394481,2014
H4SC05058,1,0.411002312,2014
H4SC06080,0.664851358,0.255494949,2014
H4SC06098,,0.018312653,2014
H4SC07013,1,0.399804109,2014
H4SD00049 ,1,0.33470373,2014
H4TN01144,,0.071026027,2014
H4TN02076,,0.025325185,2014
H4TN03181,,0.030557922,2014
H4TN04171,1,0.353168108,2014
H4TN04213,,0.063582225,2014
H4TN05103,,0.019769763,2014
H4TN06168,1,0.22968963,2014
H4TN06184,,0.059433549,2014
H4TN07117,0.810089139,0.267752538,2014
H4TN08081,0.136469094,2.31756E-05,2014
H4TN09071,,0.006572287,2014
H4TN09089,,0.004144144,2014
H4TN09097,,0.006452166,2014
H4TX02108,1,0.679455561,2014
H4TX02157,1,0.296361964,2014
H4TX02173,,0.015437324,2014
H4TX03098,,0.179895863,2014
H4TX04039,1,0.774663436,2014
H4TX04153,0.528124259,1,2014
H4TX06117,0.726620628,0.611499642,2014
H4TX07073,,0.021889554,2014
H4TX08055,,0.005117975,2014
H4TX08105,,0.106754373,2014
H4TX09095,1,0.908212504,2014
H4TX09129,,0.091787496,2014
H4TX10028,1,0.624827228,2014
H4TX10093,1,0.621817976,2014
H4TX10184,,0.03678454,2014
H4TX11034,,0.097303762,2014
H4TX12032,,0.023858124,2014
H4TX13014,0.682079703,0.843219146,2014
H4TX13063,1,0.12797164,2014
H4TX13071,,0.021779979,2014
H4TX14079,0.682389059,0.360643248,2014
H4TX16082,,0.033417687,2014
H4TX17098,1,0.32400557,2014
H4TX17106,,0.030173484,2014
H4TX18054,1,0.717828507,2014
H4TX18096,,0.01228186,2014
H4TX18112,,0.022280917,2014
H4TX19102,0.643683578,0.771798867,2014
H4TX19136,0.737002297,0.902696238,2014
H4TX19235,,0.04405143,2014
H4TX19276,1,0.183687445,2014
H4TX19292,,0.000462258,2014
H4TX21090,,0.134949946,2014
H4TX22171,0.531884743,0.315664463,2014
H4TX22189,,0.018876265,2014
H4TX23088,,0.025409559,2014
H4TX24094,1,0.650448037,2014
H4TX24151,,0.02646575,2014
H4TX25174,,0.035416538,2014
H4TX27055,1,0.336917289,2014
H4TX27063,,0.02711241,2014
H4TX28061,,0.045642009,2014
H4TX28079,,0.133353473,2014
H4TX30034,,0.067622622,2014
H4TX30059,,0.052914654,2014
H4TX31040,1,0.319622731,2014
H4TX32030,1,0.354429326,2014
H4TX33020,,0.134863219,2014
H4TX34010,1,0.385730561,2014
H4TX35017,,0.013447649,2014
H4TX36080,,0.014576889,2014
H4UT01108,,0.037274867,2014
H4UT01124,,0.034867804,2014
H4UT02197,,0.325505513,2014
H4UT02221,,0.030843845,2014
H4UT02239,,0.011861439,2014
H4UT02247,,0.000800339,2014
H4UT03153,,0.224849207,2014
H4UT03195,,0.022387432,2014
H4UT03203,,0.010611586,2014
H4UT03211,,0.018123159,2014
H4UT03237,,0.00196381,2014
H4UT04011,,0.45814987,2014
H4UT04045,,0.009676017,2014
H4UT04052,,0.013807349,2014
H4VA01070,,0.343758497,2014
H4VA02052,1,0.411290882,2014
H4VA04033,,0.375153261,2014
H4VA04041,,0.022064614,2014
H4VA05048,,0.358544975,2014
H4VA05055,,0.02097148,2014
H4VA06020,,0.123316714,2014
H4VA06038,,0.119343602,2014
H4VA07143 ,0.555316302,0.616796443,2014
H4VA07150,,0.378081579,2014
H4VA07168,,0.020899852,2014
H4VA08182,0.513392857,0.314217337,2014
H4VA08224 ,0.457546442,0.63080817,2014
H4VA08265,,0.021711084,2014
H4VA08331,,0.026689515,2014
H4VA08349,,0.004742067,2014
H4VA10071,,0.40355749,2014
H4VA10089,0.539128518,0.564864744,2014
H4VA10147,,0.010955094,2014
H4VA10154,,0.004243865,2014
H4VA11087,,0.403588829,2014
H4VA11103,,0.017379729,2014
H4VT00116,0.959459459,0.010814396,2014
H4VT00124,,0.008798772,2014
H4WA01241,0.164454952,0.449634053,2014
H4WA02157,0.327302811,0.394256561,2014
H4WA03114,0.379479529,0.384677586,2014
H4WA04088,0.318083911,0.491948602,2014
H4WA04104,0.255909346,0.508051398,2014
H4WA05077,0.517453342,0.606830256,2014
H4WA05127,0.286505994,0.393169744,2014
H4WA06075,0.343231789,0.370168086,2014
H4WA07073,0.091569611,0.190257072,2014
H4WA08071,0.624982435,0.632678219,2014
H4WA08121,0.288148613,0.367321781,2014
H4WA09061,0.272081764,0.291749104,2014
H4WA10010,0.41289242,0.452984154,2014
H4WI03136,0.196795381,0.000465182,2014
H4WI03144,0.566958122,0.434436566,2014
H4WI04183 ,0.70912707,0.702434757,2014
H4WI04266,,0.027470458,2014
H4WI05099,0.993548682,0.304032738,2014
H4WI06048 ,0.361567774,0.567719951,2014
H4WI06071,0.997520619,0.40869068,2014
H4WI06113,,0.022957332,2014
H4WI07095,0.77918113,0.394095665,2014
H4WI07103,6.81756E-05,1.74457E-05,2014
H4WI07111,,0.012860996,2014
H4WI08077,0.998117803,0.349407684,2014
H4WV01041,,0.000946544,2014
H4WV02072,0.606211667,0.438813614,2014
H4WV02080 ,0.360180687,0.470787682,2014
H4WV02130,,0.049802269,2014
H4WV02148 ,0.017642547,5.83468E-05,2014
H4WV02163,,0.040518639,2014
H4WV02171,,1.94489E-05,2014
H4WV03070,1,0.553507454,2014
H4WY00170,0.986804639,0.228970321,2014
H6AK00045,0.742914089,0.509657147,2014
H6AL04098,1,0.985744182,2014
H6AZ07022,1,0.147886935,2014
H6CA05195,0.736031961,0.72689126,2014
H6CA22125,0.990878361,0.748394172,2014
H6CA24113,0.579336108,0.656399991,2014
H6CA39020,0.70553982,0.685449428,2014
H6CA40234,0.187121509,0.323531466,2014
H6CA46033,0.505868191,0.596987337,2014
H6CO01141,1,0.658114717,2014
H6CO03139,0.745391445,0.579819379,2014
H6CO05159,0.52560102,0.597979875,2014
H6CO07023,1,0.550729538,2014
H6FL08130,,0.042607984,2014
H6FL08213,0.743202296,0.539746259,2014
H6FL09070 ,1,1,2014
H6FL11126 ,1,1,2014
H6FL13148 ,1,0.615386295,2014
H6FL17032 ,1,0.101648901,2014
H6GA04129,0.547549718,0.999324324,2014
H6GA05217,1,1,2014
H6IA02146 ,0.993225638,0.52475588,2014
H6IL05150,,0.30621838,2014
H6IL06117 ,1,0.671353538,2014
H6IL06141 ,1,0.557263531,2014
H6IL10127,,0.000309206,2014
H6KS01146,0.549637611,0.679679273,2014
H6KY03124,0.870392987,0.634941683,2014
H6KY05111,0.588397915,0.217461992,2014
H6LA02173,,0.101477845,2014
H6LA07081,,0.02004805,2014
H6MD03292,0.851697938,0.595491465,2014
H6MD04183,0.869934651,0.701783285,2014
H6MD07160,0.90594008,0.699384456,2014
H6MD08366,0.029394031,7.10805E-05,2014
H6MI01028,0.738809252,0.79492294,2014
H6MI04113,0.711717659,0.558920642,2014
H6MI12181,1,0.68681458,2014
H6MN01174 ,1,0.541921966,2014
H6MN05183,1,0.707931867,2014
H6MO01246,1,0.054472947,2014
H6MO05189,0.685941201,0.449578547,2014
H6NC04037,1,0.747468794,2014
H6NE03115 ,0.682359452,0.75387643,2014
H6NH01230,0.981079674,0.48105349,2014
H6NJ08118,1,0.68486373,2014
H6NJ09058,,0.014990317,2014
H6NJ12136,0.544371405,0.592549873,2014
H6NJ13191,1,0.773535552,2014
H6NY03031,1,0.501645325,2014
H6NY12115,1,0.021908105,2014
H6NY19029,0.476899405,0.872921267,2014
H6NY25125,1,0.403088012,2014
H6OH04082,1,0.676657423,2014
H6OK04098,,0.013674097,2014
H6OR02116 ,0.755299124,0.704093242,2014
H6OR03064 ,0.986298464,0.723289281,2014
H6OR04047,0.982775574,0.585545766,2014
H6PA16197,0.98773574,0.577195222,2014
H6TN01388,0.837119956,0.828371693,2014
H6TN01495,,0.070760737,2014
H6TN09068,0.661805201,0.74968683,2014
H6TX02079,0.578393767,0.759574722,2014
H6TX08100,0.682749174,0.893245627,2014
H6TX12060,1,0.713072513,2014
H6TX15055,1,0.540095804,2014
H6TX15113,0.549342337,0.43262663,2014
H6TX21012,0.604336651,0.717792969,2014
H6VA01117 ,1,0.944335898,2014
H6VT00160,0.988496302,0.644106651,2014
H6VT00228,,0.01056897,2014
H6WA09025,0.640010758,0.708250896,2014
H6WI03099,0.997573909,0.564643972,2014
H6WV04057,0.664533543,0.446492546,2014
H8AS00052,,0.026156549,2014
H8AZ01104 ,1,0.526113638,2014
H8AZ04116,1,0.053247578,2014
H8CA01109,0.804397896,0.757315306,2014
H8CA03105,0.26393667,0.496037301,2014
H8CA04152,0.561892143,0.600490684,2014
H8CA05035,0.736051938,0.832537553,2014
H8CA09060,0.825933508,0.884787666,2014
H8CA12098,0.676106121,0.677543206,2014
H8CA12171,0.774205512,0.766959892,2014
H8CA20059,0.679001122,0.720350677,2014
H8CA22089,0.436715367,0.519271205,2014
H8CA34068,0.599518225,0.596557117,2014
H8CA36097,0.999805038,0.86651564,2014
H8CA42061,0.560831337,0.641219715,2014
H8CA52052,0.704303443,0.712000712,2014
H8CO01089,,0.019906671,2014
H8CO02137,1,0.567431239,2014
H8CO06138,1,0.518980611,2014
H8CT01046,,0.62339075,2014
H8CT02085,,0.011415485,2014
H8CT04172,,0.537590543,2014
H8DC00143,0.795566502,0.035330118,2014
H8FL01099 ,1,0.23359947,2014
H8FL15107 ,1,0.658358621,2014
H8FL16022,1,0.632353993,2014
H8FL25015,1,0.485356738,2014
H8GA08035,,0.000914983,2014
H8IA02043 ,0.493617719,0.473623362,2014
H8ID02064 ,0.616414221,0.613608471,2014
H8IL09067,1,0.660576247,2014
H8IL14067 ,1,0.534616529,2014
H8IL18043 ,1,0.747195428,2014
H8IN01096,1,0.358415382,2014
H8IN03068,,0.041218337,2014
H8IN07184,0.890914922,0.547322757,2014
H8IN07259,0.350995758,0.41766063,2014
H8KS02090,0.691392698,0.570447436,2014
H8KY02031,1,0.691853955,2014
H8KY06065,1,0.322716265,2014
H8LA02054,,0.686920612,2014
H8LA04225,,0.734338853,2014
H8MA02041,0.99069469,0.97955701,2014
H8MA05143,0.989836679,0.629583699,2014
H8MA08071,0.987399172,0.983306352,2014
H8MD01094,0.778849118,0.704190593,2014
H8ME01120 ,1,0.604322462,2014
H8MI05108,,0.015842386,2014
H8MI07039,,0.024383045,2014
H8MI11247,,0.030692013,2014
H8MN03077,1,0.621381012,2014
H8MN06047 ,1,0.560419446,2014
H8MO09153 ,0.794554566,0.683331594,2014
H8MP00041,,0.652794746,2014
H8MS03067,0.921899884,0.688936857,2014
H8MT01141,1,0.041857469,2014
H8NC03043,1,0.321901584,2014
H8NE02139 ,0.534056187,0.455702033,2014
H8NE02204,0.609090909,0.052597823,2014
H8NJ01192,,0.006788026,2014
H8NJ02133,,0.003454738,2014
H8NJ03073,1,0.599300995,2014
H8NJ04014,1,0.679592105,2014
H8NJ04154,,0.005998679,2014
H8NJ05052,1,0.554083453,2014
H8NJ07041,,0.006978805,2014
H8NJ07041 ,,0.01021237,2014
H8NM01257,1,0.585862513,2014
H8NM03196,0.875561158,0.615229579,2014
H8NV03036 ,0.860270701,0.568413056,2014
H8NY01148,1,0.543979406,2014
H8NY04050,1,0.300107658,2014
H8NY06048,0.800532439,0.948522319,2014
H8NY07046,1,0.880218167,2014
H8NY13069,1,0.421411473,2014
H8NY19058,1,0.992698549,2014
H8NY20056,1,0.563905455,2014
H8NY21203,1,0.612301729,2014
H8NY24066,1,0.984226723,2014
H8NY29032,1,0.71042746,2014
H8OH01043,1,0.632166904,2014
H8OH05036,1,0.664602076,2014
H8OH11133,1,0.314630103,2014
H8OH11141,1,0.794507609,2014
H8OH14103,1,0.037226209,2014
H8OH15076 ,0.901424768,0.660237076,2014
H8OK03047,1,0.213849828,2014
H8OR03052,,0.041351701,2014
H8OR04134,,0.022125934,2014
H8OR05107 ,0.830981183,0.536999089,2014
H8PA01153 ,0.998740157,0.828371444,2014
H8PA05071,0.989046867,0.635961008,2014
H8RI01084,,3.53141E-05,2014
H8SC02098,0.541902605,0.352752454,2014
H8TN02028,1,0.225557868,2014
H8TN02069,0.604551001,0.724931185,2014
H8TX05052,,0.146400414,2014
H8TX20127,0.75163945,0.362389885,2014
H8TX21125,,0.243395025,2014
H8TX22107,1,0.665459272,2014
H8TX22149,,0.019567585,2014
H8TX22180,,0.020844487,2014
H8UT03089,,0.722064806,2014
H8VA01147 ,0.761675549,0.6290448,2014
H8VA11062 ,1,0.568568462,2014
H8VT00141,,0.014360013,2014
H8WA07132,0.768622614,0.809742928,2014
H8WI01024,0.942715913,0.632668217,2014
H8WI02121 ,0.998397949,0.315097903,2014
H8WI09050 ,0.998108333,0.694537085,2014
H8WY00148,0.758943955,0.68466384,2014
S0AR00028 ,1,0.394303278,2014
S0DE00092,1,0.558264043,2014
S0GA00336,,3.50494E-06,2014
S0NH00219,0.978332337,0.51455366,2014
S0SC00149,0.564161532,0.542661533,2014
S2DE00064,0.756627409,0.422251942,2014
S2DE00098,,0.019484015,2014
S2IL00119,0.560847999,0.426949879,2014
S2KY00012,0.614405781,0.561881036,2014
S2MI00243,,0.012021686,2014
S2MT00096,0.833666352,0.577863644,2014
S2NC00257,0.606930693,0.037423494,2014
S2NJ00460,,0.002080731,2014
S2SC00079,,0.027287866,2014
S2TN00058,0.496535382,0.618665784,2014
S2TN00355,,0.009148039,2014
S2TX00106,0.594313974,0.615600391,2014
S2WV00070,,0.012131658,2014
S4AK00115,,0.019957507,2014
S4AK00214 ,0.400547911,0.479621105,2014
S4AK00230,0.248507031,0.037223796,2014
S4AR00103 ,1,0.564974838,2014
S4AR00111,1,0.019819352,2014
S4AR00129,1,0.020306665,2014
S4AR00137,,0.000595867,2014
S4CO00296,,0.011832589,2014
S4CO00387,,0.01443957,2014
S4CO00395,1,0.482049506,2014
S4CO00403,,0.025906172,2014
S4CO00411,,0.003148857,2014
S4CO00429,,1.02888E-05,2014
S4CO00437,,8.32901E-06,2014
S4GA11277,0.749502601,0.452063533,2014
S4GA11285,0.508795012,0.528890628,2014
S4GA11327 ,,0.019028704,2014
S4GA11335,,8.17819E-06,2014
S4GA11343,,5.45213E-06,2014
S4HI00102,0.722555782,0.277029968,2014
S4HI00136,0.493460141,0.697696835,2014
S4HI00169,1,0.025273197,2014
S4IA00087 ,0.991369071,0.437611755,2014
S4IA00129 ,0.561243249,0.521001151,2014
S4IA00186,,0.00728689,2014
S4IA00194 ,,0.02373639,2014
S4IA00202,,0.005198725,2014
S4IA00210,,0.004181641,2014
S4ID00075 ,,0.34671638,2014
S4IL00479,,0.037551072,2014
S4KS00143,,0.043257203,2014
S4KY00091,0.764727072,0.407208741,2014
S4KY00174,,6.26799E-06,2014
S4KY00182,1,0.030810632,2014
S4KY00190,,1.18395E-05,2014
S4KY00208,,3.69115E-05,2014
S4LA00107,,0.559347639,2014
S4LA00115,,0.137601865,2014
S4LA00123,,0.008854355,2014
S4LA00149,,0.009628109,2014
S4LA00156 ,,0.007692026,2014
S4LA00164,,0.002605221,2014
S4LA00172,,0.003174498,2014
S4MA00028,0.982936796,0.618686486,2014
S4MA00234,0.992615676,0.379837235,2014
S4ME00071 ,1,0.314969338,2014
S4ME00105 ,,0.000445358,2014
S4MI00355 ,1,0.54614314,2014
S4MI00363 ,1,0.413290195,2014
S4MI00371,,0.020147833,2014
S4MI00405,,2.14621E-05,2014
S4MI00413,,0.00837248,2014
S4MI00421,,1.92198E-06,2014
S4MI00447,,1.28132E-06,2014
S4MN00346 ,0.717367238,0.42907645,2014
S4MN00437,0.339015152,0.02398654,2014
S4MN00445,1,0.014980863,2014
S4MS00062,1,0.022058754,2014
S4MS00138,0.740083386,0.37894432,2014
S4MT00142,1,0.021450628,2014
S4MT00159,,0.400685728,2014
S4NC00162,0.456804249,0.488206454,2014
S4NC00279,,4.87089E-05,2014
S4NC00287,,0.000213015,2014
S4NC00295,,6.8947E-05,2014
S4NE00090 ,0.495447256,0.643368861,2014
S4NE00124 ,,0.029366858,2014
S4NE00140 ,0.674351978,0.314853508,2014
S4NE00157 ,,0.011585362,2014
S4NH00120,0.498554414,0.482111361,2014
S4NJ00185 ,1,0.558355955,2014
S4NJ00243 ,,0.001895659,2014
S4NJ00318 ,,0.008943935,2014
S4NJ00326,,0.003051026,2014
S4NM00100,0.62998833,0.444411898,2014
S4OK00083,0.876849588,0.680082317,2014
S4OK00216,1,0.285485048,2014
S4OK00224,,0.012859237,2014
S4OK00232,0.572398054,0.678534274,2014
S4OK00307,0.579946201,0.289835423,2014
S4OK00331,,0.009495171,2014
S4OK00349,,0.012078228,2014
S4OK00372,,0.031630304,2014
S4OR00198 ,,0.368664726,2014
S4OR00222,,0.030730328,2014
S4OR00255,,0.016565204,2014
S4OR00263,,0.022190477,2014
S4RI00044,1,0.292472657,2014
S4SC00109,,0.038375098,2014
S4SC00240,0.899829905,0.611159,2014
S4SC00307,0.653947971,0.370935978,2014
S4SC00356,,0.017475637,2014
S4SC00364,0.766453646,0.387825736,2014
S4SD00049 ,0.555410884,0.503704207,2014
S4SD00056,1,0.295105436,2014
S4SD00106,,0.030327974,2014
S4TN00310,,0.005613272,2014
S4TN00336,,0.001684054,2014
S4TN00351,0.364512822,0.318651592,2014
S4TN00419,,3.63884E-06,2014
S4TN00427,,0.008119703,2014
S4TN00435,,0.004132264,2014
S4TN00450,,0.001736454,2014
S4TN00468,,0.000572753,2014
S4TN00476,,0.001217555,2014
S4TN00484,,0.004191214,2014
S4TN00492,,0.026263677,2014
S4TX00516,0.721506536,0.343645434,2014
S4TX00557 ,,0.011767811,2014
S4TX00573,,0.028773816,2014
S4TX00581,,0.000212548,2014
S4VA00155,0.600743494,0.483384322,2014
S4VA00189,,0.024308838,2014
S4WV00159 ,0.874979489,0.621174417,2014
S4WV00183 ,0.779488479,0.344641373,2014
S4WV00241,,1.10208E-05,2014
S4WV00266,,0.01633057,2014
S4WV00274,,0.005655857,2014
S4WV00282,,1.54291E-05,2014
S4WV00290,,1.76332E-05,2014
S4WV00308,,2.20415E-05,2014
S4WY00097 ,0.477263688,0.174458103,2014
S4WY00105,,0.079048637,2014
S4WY00154,,0.021836214,2014
S6AL00195,1,0.972516471,2014
S6IL00151,1,0.535486839,2014
S6KS00080,0.480778543,0.531464769,2014
S6LA00227,,0.440652361,2014
S6ME00159 ,0.988617645,0.684585304,2014
S6RI00163,1,0.70582648,2014
S6VA00093,1,0.491499323,2014
S6WY00126 ,0.818203761,0.721859968,2014
S8AK00090 ,0.966331759,0.458325071,2014
S8CO00172,1,0.462604688,2014
S8ID00092 ,,0.65328362,2014
S8KS00227,,0.425278028,2014
S8MN00438 ,0.945036644,0.531511541,2014
S8MS00055,0.510102794,0.598996927,2014
S8NC00239,0.771627115,0.472561993,2014
S8NJ00012 ,0.29405328,0.423258725,2014
S8NJ00418,,0.002413969,2014
S8NM00184,1,0.555588102,2014
S8OR00207 ,0.920419822,0.557284461,2014
S8SD00024 ,,0.170862382,2014
